{
    "device": "cuda",
    "best_epoch": 1,
    "training_duration_seconds": 526.321298122406,
    "model_configuration": {
        "input_features": 28,
        "window_frames": 270,
        "hidden_size": 128,
        "number_of_lstm_layers": 2,
        "dropout": 0.3,
        "batch_size": 64,
        "learning_rate": 0.001
    },
    "dev_window_metrics": {
        "accuracy": 0.5923487544483986,
        "balanced_accuracy": 0.5512494925436239,
        "precision": 0.28745487364620936,
        "recall": 0.47220163083765754,
        "f1": 0.3573632538569425
    },
    "dev_participant_metrics": {
        "accuracy": 0.6545454545454545,
        "balanced_accuracy": 0.5687984496124031,
        "precision": 0.29411764705882354,
        "recall": 0.4166666666666667,
        "f1": 0.3448275862068966
    },
    "test_window_metrics": {
        "accuracy": 0.5844950697041823,
        "balanced_accuracy": 0.5599115388251816,
        "precision": 0.3642710472279261,
        "recall": 0.4974761637689288,
        "f1": 0.42057847321005215
    },
    "test_participant_metrics": {
        "accuracy": 0.6428571428571429,
        "balanced_accuracy": 0.5942684766214178,
        "precision": 0.42105263157894735,
        "recall": 0.47058823529411764,
        "f1": 0.4444444444444444
    }
}