{
    "model_selection_dataset": "Dev",
    "model_selection_metric": "Participant-level F1",
    "best_model": "Logistic Regression C=0.1",
    "number_of_features": 364,
    "train_participants": 160,
    "dev_participants": 55,
    "test_participants": 56,
    "best_dev_metrics": {
        "accuracy": 0.7272727272727273,
        "balanced_accuracy": 0.5852713178294574,
        "precision": 0.36363636363636365,
        "recall": 0.3333333333333333,
        "f1": 0.34782608695652173
    },
    "test_metrics": {
        "accuracy": 0.5714285714285714,
        "balanced_accuracy": 0.49321266968325794,
        "precision": 0.29411764705882354,
        "recall": 0.29411764705882354,
        "f1": 0.29411764705882354
    },
    "test_confusion_matrix": [
        [
            27,
            12
        ],
        [
            12,
            5
        ]
    ]
}