{
    "selection_dataset": "Dev",
    "selection_rule": "Average of participant F1 and balanced accuracy",
    "selected_threshold": 0.4100000000000001,
    "best_f1_threshold": 0.4100000000000001,
    "best_combined_threshold": 0.4100000000000001,
    "selected_dev_metrics": {
        "accuracy": 0.7636363636363637,
        "balanced_accuracy": 0.6986434108527132,
        "precision": 0.4666666666666667,
        "recall": 0.5833333333333334,
        "f1": 0.5185185185185185,
        "combined_score": 0.6085809646856158
    },
    "default_threshold": 0.5,
    "default_dev_metrics": {
        "accuracy": 0.7454545454545455,
        "balanced_accuracy": 0.5968992248062015,
        "precision": 0.4,
        "recall": 0.3333333333333333,
        "f1": 0.36363636363636365
    },
    "test_metrics": {
        "accuracy": 0.6607142857142857,
        "balanced_accuracy": 0.6236802413273002,
        "precision": 0.45,
        "recall": 0.5294117647058824,
        "f1": 0.4864864864864865
    },
    "test_confusion_matrix": [
        [
            28,
            11
        ],
        [
            8,
            9
        ]
    ]
}